{"cameraMode":{"drawMode":0,"name":"Shaded","section":"Shading Mode"},"sceneLighting":true,"audioPlay":false,"sceneViewState":{"m_AlwaysRefresh":false,"showFog":true,"showSkybox":true,"showFlares":true,"showImageEffects":true,"showParticleSystems":true,"showVisualEffectGraphs":true,"m_FxEnabled":true},"in2DMode":false,"pivot":{"x":149.31353759765626,"y":-46.59538269042969,"z":74.08247375488281},"rotation":{"x":0.22880706191062928,"y":0.061274148523807529,"z":-0.014477139338850975,"w":0.9714868068695068},"size":91.99979400634766,"orthographic":false}